{
  "project_info": {
    "project_number": "388421466887",
    "project_id": "project498-b8b73",
    "storage_bucket": "project498-b8b73.firebasestorage.app"
  },
  "client": [
    {
      "client_info": {
        "mobilesdk_app_id": "1:388421466887:android:1a3b3313193b901db223a2",
        "android_client_info": {
          "package_name": "com.example.project498"
        }
      },
      "oauth_client": [],
      "api_key": [
        {
          "current_key": "AIzaSyAxhx7aM7jBo5f7_TTomhQZ5yqCcjWUJM0"
        }
      ],
      "services": {
        "appinvite_service": {
          "other_platform_oauth_client": []
        }
      }
    }
  ],
  "configuration_version": "1"
}